,AU,SO,copyright,title,year
0,"De Conti, L|Ceretta, CA|Ferreira, PAA|Lourenzi, CR|Girotto, E|Lorensini, F|Tiecher, TL|Marchezan, C|Anchieta, MG|Brunetto, G",AGRICULTURE ECOSYSTEMS & ENVIRONMENT, (C) 2015 Elsevier B.V. All rights reserved.,Soil solution concentrations and chemical species of copper and zinc in a soil with a history of pig slurry application and plant cultivation,2016
1,"Kleijnen, JPC|Sanchez, SM|Lucas, TW|Cioppa, TM",INFORMS JOURNAL ON COMPUTING,,A user's guide to the brave new world of designing simulation experiments,2005
2,"Burke, EN|Wadzuk, BM",WATER RESEARCH, Elsevier Ltd. All rights reserved.,The effect of field conditions on low Reynolds number flow in a wetland,2009
3,"Resop, JP|Fleisher, DH|Wang, QG|Timlin, DJ|Reddy, VR",COMPUTERS AND ELECTRONICS IN AGRICULTURE, Published by Elsevier B.V.,Combining explanatory crop models with geospatial data for regional analyses of crop yield using field-scale modeling units,2012
4,"Silva, AS|Ghisi, E|Lamberts, R",BUILDING AND ENVIRONMENT, Elsevier Ltd. All rights reserved.,Performance evaluation of long-term thermal comfort indices in building simulation according to ASHRAE Standard 55,2016
5,"Lathashri, UA|Mahesha, A",JOURNAL OF ENVIRONMENTAL ENGINEERING, (C) 2015 American Society of Civil Engineers.,Predictive Simulation of Seawater Intrusion in a Tropical Coastal Aquifer,2016
6,"Moore, SA|Jamieson, EC|Rainville, F|Rennie, CD|Mueller, DS",JOURNAL OF HYDRAULIC ENGINEERING,,Monte Carlo Approach for Uncertainty Analysis of Acoustic Doppler Current Profiler Discharge Measurement by Moving Boat,2017
7,"Asadi, M|Bagheripour, MH",EARTH SCIENCE INFORMATICS,,Numerical and intelligent modeling of triaxial strength of anisotropic jointed rock specimens,2014
8,"Hamm, NAS|Hall, JW|Anderson, MG",COMPUTERS & GEOSCIENCES, Elsevier Ltd. All rights reserved.,Variance-based sensitivity analysis of the probability of hydrologically induced slope instability,2006
9,"Smith, AE|Gans, W",RISK ANALYSIS,,Enhancing the Characterization of Epistemic Uncertainties in PM2.5 Risk Analyses,2015
10,"Qin, XB|Wang, H|Li, YE|Li, Y|McConkey, B|Lemke, R|Li, CS|Brandt, K|Gao, QZ|Wan, YF|Liu, S|Liu, YT|Xu, C",ENVIRONMENTAL MODELLING & SOFTWARE, Crown Copyright (C) 2013 Published by Elsevier Ltd. All rights reserved.,A long-term sensitivity analysis of the denitrification and decomposition model,2013
11,"Brown, HE|Huth, NI|Holzworth, DP|Teixeira, EI|Zyskowski, RF|Hargreaves, JNG|Moot, DJ",ENVIRONMENTAL MODELLING & SOFTWARE, Published by Elsevier Ltd.,Plant Modelling Framework: Software for building and running crop models on the APSIM platform,2014
12,"Chlot, S|Widerlund, A|Siergieiev, D|Ecke, F|Husson, E|Ohlander, B",SCIENCE OF THE TOTAL ENVIRONMENT, (C) 2011 Elsevier B.V. All rights reserved.,Modelling nitrogen transformations in waters receiving mine effluents,2011
13,"Burger, G|Sitzenfrei, R|Kleidorfer, M|Rauch, W",ENVIRONMENTAL MODELLING & SOFTWARE, Elsevier Ltd. All rights reserved.,Parallel flow routing in SWMM 5,2014
14,"Curtis, JMR|Naujokaitis-Lewis, I",ECOLOGICAL APPLICATIONS,,Sensitivity of population viability to spatial and nonspatial parameters using grip,2008
15,"Sethi, LN|Panda, SN|Nayak, MK",AGRICULTURAL WATER MANAGEMENT, (c) 2005 Elsevier B.V. All rights reserved.,"Optimal crop planning and water resources allocation in a coastal groundwater basin, Orissa, India",2006
16,"Mohammadi, B",COMPUTERS & FLUIDS, Elsevier Ltd. All rights reserved.,Uncertainty quantification in littoral erosion,2017
17,"Ding, Y|Wang, SSY",JOURNAL OF HYDRAULIC ENGINEERING-ASCE,,Optimal control of open-channel flow using adjoint sensitivity analysis,2006
18,"Hong, LJ|Hu, ZL|Liu, GW",ACM TRANSACTIONS ON MODELING AND COMPUTER SIMULATION,,Monte Carlo Methods for Value-at-Risk and Conditional Value-at-Risk: A Review,2014
19,"Lin, ZL",JOURNAL OF THE AMERICAN WATER RESOURCES ASSOCIATION,,Estimating Water Budgets and Vertical Leakages for Karst Lakes in North-Central Florida (United States) Via Hydrological Modeling,2011
20,"Onishi, VC|Carrero-Parreno, A|Reyes-Labarta, JA|Ruiz-Femenia, R|Salcedo-Diaz, R|Fraga, ES|Caballero, JA",DESALINATION, Published by Elsevier B.V.,Shale gas flowback water desalination: Single vs multiple-effect evaporation with vapor recompression cycle and thermal integration,2017
21,"Hou, T|Zhu, YH|Lu, HS|Sudicky, E|Yu, ZB|Ouyang, F",STOCHASTIC ENVIRONMENTAL RESEARCH AND RISK ASSESSMENT,,"Parameter sensitivity analysis and optimization of Noah land surface model with field measurements from Huaihe River Basin, China",2015
22,"Moilanen, A|Wintle, BA|Elith, J|Burgman, M",CONSERVATION BIOLOGY,,Uncertainty analysis for regional-scale reserve selection,2006
23,"Dotto, CBS|Mannina, G|Kleidorfer, M|Vezzaro, L|Henrichs, M|McCarthy, DT|Freni, G|Rauch, W|Deletic, A",WATER RESEARCH, Elsevier Ltd. All rights reserved.,Comparison of different uncertainty techniques in urban stormwater quantity and quality modelling,2012
24,"Faghih, M|Mirzaei, M|Adamowski, J|Lee, J|El-Shafie, A",RIVER RESEARCH AND APPLICATIONS," Copyright (c) 2017 John Wiley & Sons, Ltd.",Uncertainty Estimation in Flood Inundation Mapping: An Application of Non-parametric Bootstrapping,2017
25,"Bermudez, A|Esteban, N|Ferrin, JL|Rodriguez-Calo, JF|Sillero-Denamiel, MR",COMPUTERS & CHEMICAL ENGINEERING, Elsevier Ltd. All rights reserved.,Identification problem in plug-flow chemical reactors using the adjoint method,2017
26,"Bieda, B",SCIENCE OF THE TOTAL ENVIRONMENT, (C) 2012 Elsevier B.V. All rights reserved.,Stochastic approach to municipal solid waste landfill life based on the contaminant transit time modeling using the Monte Carlo (MC) simulation,2013
27,"Bellos, V|Kourtis, IM|Moreno-Rodenas, A|Tsihrintzis, VA",WATER,,Quantifying Roughness Coefficient Uncertainty in Urban Flooding Simulations through a Simplified Methodology,2017
28,"Hosseini, SMH|Forouzbakhsh, F|Rahimpoor, M",ENERGY POLICY, Elsevier Ltd. All rights reserved.,"Determination of the optimal installation capacity of small hydro-power plants through the use of technical, economic and reliability indices",2005
29,"Sun, D|Zhang, LH|Chen, FX",SIMULATION MODELLING PRACTICE AND THEORY, (c) 2013 Elsevier B.V. All rights reserved.,Comparative study on simulation performances of CORSIM and VISSIM for urban street network,2013
30,"Oberg, T|Bergback, B",JOURNAL OF SOILS AND SEDIMENTS,,A review of probabilistic risk assessment of contaminated land,2005
31,"La Vigna, F|Hill, MC|Rossetto, R|Mazza, R",HYDROGEOLOGY JOURNAL,,"Parameterization, sensitivity analysis, and inversion: an investigation using groundwater modeling of the surface-mined Tivoli-Guidonia basin (Metropolitan City of Rome, Italy)",2016
32,"Akula, M|Sandur, A|Kamat, VR|Prakash, A",JOURNAL OF COMPUTING IN CIVIL ENGINEERING, (C) 2014 American Society of Civil Engineers.,Context-Aware Framework for Highway Bridge Inspections,2015
33,"Bhikhoo, N|Hashemi, A|Cruickshank, H",SUSTAINABILITY,,Improving Thermal Comfort of Low-Income Housing in Thailand through Passive Design Strategies,2017
34,"Zobel, RW",COMPUTERS AND ELECTRONICS IN AGRICULTURE, Published by Elsevier B.V.,Hardware and software efficacy in assessment of fine root diameter distributions,2008
35,"Yesuf, HM|Assen, M|Alamirew, T|Melesse, AM",CATENA, (C) 2014 Elsevier B.V. All rights reserved.,"Modeling of sediment yield in Maybar gauged watershed using SWAT, northeast Ethiopia",2015
36,"Wieland, R|Gutzler, C",ENVIRONMENTAL MODELLING & SOFTWARE, Elsevier Ltd. All rights reserved.,Environmental impact assessment based on dynamic fuzzy simulation,2014
37,"Olivieri, AC|Wu, HL|Yu, RQ",CHEMOMETRICS AND INTELLIGENT LABORATORY SYSTEMS, (C) 2012 Elsevier B.V. All rights reserved.,MVC3: A MATLAB graphical interface toolbox for third-order multivariate calibration,2012
38,"Annadurai, K|Uthayakumar, R",APPLIED MATHEMATICAL MODELLING, (C) 2009 Elsevier Inc. All rights reserved.,"Controlling setup cost in (Q, r, L) inventory model with defective items",2010
39,"Humphries, HC|Bourgeron, PS|Reynolds, KM",ENVIRONMENTAL MANAGEMENT,,Sensitivity Analysis of Land Unit Suitability for Conservation Using a Knowledge-Based System,2010
40,"Banitz, T|Gras, A|Ginovart, M",ENVIRONMENTAL MODELLING & SOFTWARE, Elsevier Ltd. All rights reserved.,"Individual-based modeling of soil organic matter in NetLogo: Transparent, user-friendly, and open",2015
41,"Shidpour, H|Shahrokhi, M|Bernard, A",COMPUTERS & INDUSTRIAL ENGINEERING, Elsevier Ltd. All rights reserved.,"A multi-objective programming approach, integrated into the TOPSIS method, in order to optimize product design; in three-dimensional concurrent engineering",2013
42,"Sandu, A|Daescu, DN|Carmichael, GR",ATMOSPHERIC ENVIRONMENT, Elsevier Ltd. All rights reserved.,Direct and adjoint sensitivity analysis of chemical kinetic systems with KPP: Part I - theory and software tools,2003
43,"Du, JB|Huang, ZT|Yang, RZ",STRUCTURAL AND MULTIDISCIPLINARY OPTIMIZATION,,Optimization of the motion control mechanism of the hatch door of airliner,2015
44,"Sarma, B|Sarma, AK|Mahanta, C|Singh, VP",JOURNAL OF HYDROLOGIC ENGINEERING,,Optimal Ecological Management Practices for Controlling Sediment Yield and Peak Discharge from Hilly Urban Areas,2015
45,"Chertov, R|Fahmy, S|Shroff, NB",ACM TRANSACTIONS ON MODELING AND COMPUTER SIMULATION,,Fidelity of Network Simulation and Emulation: A Case Study of TCP-Targeted Denial of Service Attacks,2008
46,"Lu, SL|Wang, R|Zheng, SQ",SUSTAINABILITY,,Passive Optimization Design Based on Particle Swarm Optimization in Rural Buildings of the Hot Summer and Warm Winter Zone of China,2017
47,"Chang, KH|Joo, SH",ADVANCES IN ENGINEERING SOFTWARE, Elsevier Ltd. All rights reserved.,Design parameterization and tool integration for CAD-based mechanism optimization,2006
48,"Banta, ER|Hill, MC|Poeter, E|Doherty, JE|Babendreler, J",COMPUTERS & GEOSCIENCES, Published by Elsevier Ltd.,Building model analysis applications with the Joint Universal Parameter IdenTification and Evaluation of Reliability (JUPITER) API,2008
49,"Vu-Bac, N|Lahmer, T|Zhuang, X|Nguyen-Thoi, T|Rabczuk, T",ADVANCES IN ENGINEERING SOFTWARE, Elsevier Ltd. All rights reserved.,A software framework for probabilistic sensitivity analysis for computationally expensive models,2016
50,"Arcucci, R|D'Amore, L|Pistoia, J|Toumi, R|Murli, A",JOURNAL OF COMPUTATIONAL PHYSICS, (C) 2017 Elsevier Inc. All rights reserved.,On the variational data assimilation problem solving and sensitivity analysis,2017
51,"Matha, R|Ristov, S|Prodan, R",SIMULATION MODELLING PRACTICE AND THEORY, (C) 2017 Elsevier B.V. All rights reserved.,Simulation of a workflow execution as a real Cloud by adding noise,2017
52,"Li, L|Boucher, A|Caers, J",COMPUTERS & GEOSCIENCES, Elsevier Ltd. All rights reserved.,SGEMS-UQ: An uncertainty quantification toolkit for SGEMS,2014
53,"Dutta, A|Talmadge, M|Hensley, J|Worley, M|Dudgeon, D|Barton, D|Groenendijk, P|Ferrari, D|Stears, B|Searcy, E|Wright, C|Hess, JR",ENVIRONMENTAL PROGRESS & SUSTAINABLE ENERGY," (C) 2012 American Institute of Chemical Engineers Environ Prog, 31: 182-190, 2012",Techno-Economics for Conversion of Lignocellulosic Biomass to Ethanol by Indirect Gasification and Mixed Alcohol Synthesis,2012
54,"Moshfegh, R|Nilsson, L|Larsson, M",STRUCTURAL AND MULTIDISCIPLINARY OPTIMIZATION,,Estimation of process parameter variations in a pre-defined process window using a Latin hypercube method,2008
55,"Zhang, XG|Zhang, R|Moore, JB|Wang, YG|Yan, HY|Wu, YR|Tan, AR|Fu, JL|Shen, ZG|Qin, GY|Li, R|Chen, GX",INTERNATIONAL JOURNAL OF ENVIRONMENTAL RESEARCH AND PUBLIC HEALTH,,The Effect of Vitamin A on Fracture Risk: A Meta-Analysis of Cohort Studies,2017
56,"Sah, L|Rousseau, DPL|Hooijmans, CM",WATER AIR AND SOIL POLLUTION,,Numerical Modelling of Waste Stabilization Ponds: Where Do We Stand?,2012
57,"Mukhtar, H|Lin, YP|Shipin, OV|Petway, JR",INTERNATIONAL JOURNAL OF ENVIRONMENTAL RESEARCH AND PUBLIC HEALTH,,Modeling Nitrogen Dynamics in a Waste Stabilization Pond System Using Flexible Modeling Environment with MCMC,2017
58,"Wang, Y|Brubaker, K",ENVIRONMENTAL MODELLING & SOFTWARE, Elsevier Ltd. All rights reserved.,Multi-objective model auto-calibration and reduced parameterization: Exploiting gradient-based optimization tool for a hydrologic model,2015
59,"Al-Rabiah, D|Al-Fulaij, H|Ettouney, H",DESALINATION AND WATER TREATMENT,,Pressure drop across wire mesh demister in desalination plants using Eulerian-Eulerian modeling and computational fluid dynamics simulation,2016
60,"Kriauciuniene, J|Jakimavicius, D|Sarauskiene, D|Kaliatka, T",STOCHASTIC ENVIRONMENTAL RESEARCH AND RISK ASSESSMENT,,Estimation of uncertainty sources in the projections of Lithuanian river runoff,2013
61,"Dehkordi, SE|Schincariol, RA",HYDROGEOLOGY JOURNAL,,Effect of thermal-hydrogeological and borehole heat exchanger properties on performance and impact of vertical closed-loop geothermal heat pump systems,2014
62,"Hussin, HY|Luna, BQ|van Westen, CJ|Christen, M|Malet, JP|van Asch, TWJ",NATURAL HAZARDS AND EARTH SYSTEM SCIENCES,,"Parameterization of a numerical 2-D debris flow model with entrainment: a case study of the Faucon catchment, Southern French Alps",2012
63,"Prudencio, EE|Bauman, PT|Faghihi, D|Ravi-Chandar, K|Oden, JT",INTERNATIONAL JOURNAL FOR NUMERICAL METHODS IN ENGINEERING," Copyright (C) 2014 John Wiley & Sons, Ltd.","A computational framework for dynamic data-driven material damage control, based on Bayesian inference and model selection",2015
64,"Tait, NG|Davison, RM|Leharne, SA|Lerner, DN",ENVIRONMENTAL MODELLING & SOFTWARE, Elsevier Ltd. All rights reserved.,"Borehole Optimisation System (BOS) - A case study assessing options for abstraction of urban groundwater in Nottingham, UK",2008
65,"Hua, J|Stene, JF|Lin, P",JOURNAL OF COMPUTATIONAL PHYSICS, (C) 2007 Elsevier Inc. All rights reserved.,Numerical simulation of 3D bubbles rising in viscous liquids using a front tracking method,2008
66,"van Griensven, A|Breuer, L|Di Luzio, M|Vandenberghe, V|Goethals, P|Meixner, T|Arnold, J|Srinivasan, R",JOURNAL OF HYDROINFORMATICS,,Environmental and ecological hydroinformatics to support the implementation of the European Water Framework Directive for river basin management,2006
67,"Barrio, R|Rodriguez, M|Abad, A|Serrano, S",MATHEMATICAL AND COMPUTER MODELLING, Elsevier Ltd. All rights reserved.,Uncertainty propagation or box propagation,2011
68,"Song, Q|Yanful, EK",ENVIRONMENTAL EARTH SCIENCES,,Laboratory and numerical modeling of water balance in a layered sloped soil cover with channel flow pathway over mine waste rock,2011
69,"Silva, F|Nadais, H|Prates, A|Arroja, L|Capela, I",CHEMICAL ENGINEERING JOURNAL, (C) 2008 Elsevier B.V. All rights reserved.,Modelling of anaerobic treatment of evaporator condensate (EC) from a sulphite pulp mill using the IWA anaerobic digestion model no. 1 (ADM1),2009
70,"Tian, L|Noore, A",MATHEMATICAL AND COMPUTER MODELLING, Elsevier Ltd. All rights reserved.,Modeling distributed software defect removal effectiveness in the presence of code churn,2005
71,"Zhao, YW|Xu, MJ|Xu, F|Wu, SR|Yin, XA",HYDROLOGY AND EARTH SYSTEM SCIENCES,,Development of a zoning-based environmental-ecological coupled model for lakes: a case study of Baiyangdian Lake in northern China,2014
72,"Lee, JH|Yoon, HK|Kitanidis, PK|Werth, CJ|Valocchi, AJ",WATER RESOURCES RESEARCH,,Scalable subsurface inverse modeling of huge data sets with an application to tracer concentration breakthrough data from magnetic resonance imaging,2016
73,"Haukaas, T|Kiureghian, AD",JOURNAL OF COMPUTING IN CIVIL ENGINEERING,,Methods and object-oriented software for FE reliability and sensitivity analysis with application to a bridge structure,2007
74,"Achete, FM|van der Wegen, M|Roelvink, D|Jaffe, B",HYDROLOGY AND EARTH SYSTEM SCIENCES,,A 2-D process-based model for suspended sediment dynamics: a first step towards ecological modeling,2015
75,"Lewis, RM|Trosset, MW",COMPUTATIONAL STATISTICS & DATA ANALYSIS, (c) 2004 Elsevier B.V. All rights reserved.,Sensitivity analysis of the strain criterion for multidimensional scaling,2006
76,"Stypka, T|Flaga-Maryanczyk, A",ENVIRONMENT PROTECTION ENGINEERING,,COMPARATIVE ANALYSIS OF MUNICIPAL SOLID WASTE SYSTEMS: CRACOW CASE STUDY,2013
77,"Muste, M|Lee, K|Bertrand-Krajewski, JL",HYDROLOGICAL SCIENCES JOURNAL-JOURNAL DES SCIENCES HYDROLOGIQUES,,Standardized uncertainty analysis for hydrometry: a review of relevant approaches and implementation examples,2012
78,"Christian, J|Duenas-Osorio, L|Teague, A|Fang, Z|Bedient, P",HYDROLOGICAL PROCESSES," Copyright (c) 2012 John Wiley & Sons, Ltd.",Uncertainty in floodplain delineation: expression of flood hazard and risk in a Gulf Coast watershed,2013
79,"Delfs, JO|Blumensaat, F|Wang, WQ|Krebs, P|Kolditz, O",ENVIRONMENTAL EARTH SCIENCES,,Coupling hydrogeological with surface runoff model in a Poltva case study in Western Ukraine,2012
80,"Mair, M|Sitzenfrei, R|Kleidorfer, M|Moderl, M|Rauch, W",WATER SCIENCE AND TECHNOLOGY,,GIS-based applications of sensitivity analysis for sewer models,2012
81,"Nguyen, TM|Richet, Y|Balayn, P|Bardet, L",HOUILLE BLANCHE-REVUE INTERNATIONALE DE L EAU,,Uncertainties propagations in 1D hydraulic modeling,2015
82,"Lee, HA|Park, GJ",STRUCTURAL AND MULTIDISCIPLINARY OPTIMIZATION,,A software development framework for structural optimization considering non linear static responses,2015
83,"Lahaye, D|Mulckhuyse, W",COMPEL-THE INTERNATIONAL JOURNAL FOR COMPUTATION AND MATHEMATICS IN ELECTRICAL AND ELECTRONIC ENGINEERING,,Adjoint sensitivity in PDE constrained least squares problems as a multiphysics problem,2012
84,"van der Spek, M|Arendsen, R|Ramirez, A|Faaij, A",INTERNATIONAL JOURNAL OF GREENHOUSE GAS CONTROL, Elsevier Ltd. All rights reserved.,Model development and process simulation of postcombustion carbon capture technology with aqueous AMP/PZ solvent,2016
85,"Zambrano-Bigiarini, M|Rojas, R",ENVIRONMENTAL MODELLING & SOFTWARE, Elsevier Ltd. All rights reserved.,A model-independent Particle Swarm Optimisation software for model calibration,2013
86,"Yihdego, Y|Al-Weshah, RA",ENVIRONMENTAL EARTH SCIENCES,,"Gulf war contamination assessment for optimal monitoring and remediation cost-benefit analysis, Kuwait",2016
87,"Nassar, MA",JOURNAL OF HYDRO-ENVIRONMENT RESEARCH, Published by Elsevier B.V. All rights reserved.,Multi-parametric sensitivity analysis of CCHE2D for channel flow simulations in Nile River,2011
88,"Madetoja, E|Tarvainen, P",STRUCTURAL AND MULTIDISCIPLINARY OPTIMIZATION,,Object-oriented design of process line simulation and optimization-A case study in papermaking,2010
89,"Elman, HC|Miller, CW|Phipps, ET|Tuminaro, RS",INTERNATIONAL JOURNAL FOR UNCERTAINTY QUANTIFICATION,,ASSESSMENT OF COLLOCATION AND GALERKIN APPROACHES TO LINEAR DIFFUSION EQUATIONS WITH RANDOM DATA,2011
90,"Davesne, E|Casanova, P|Chojnacki, E|Paquet, F|Blanchardon, E",HEALTH PHYSICS,,INTEGRATION OF UNCERTAINTIES INTO INTERNAL CONTAMINATION MONITORING,2010
91,"Burger, G|Bach, PM|Urich, C|Leonhardt, G|Kleidorfer, M|Rauch, W",ADVANCES IN ENGINEERING SOFTWARE, Elsevier Ltd. All rights reserved.,Designing and implementing a multi-core capable integrated urban drainage modelling Toolkit:Lessons from CityDrain3,2016
92,"Kim, WK|Yoon, KP|Mendoza, G|Sedaghat, M",COMPUTERS & INDUSTRIAL ENGINEERING, Elsevier Ltd. All rights reserved.,Simulation model for extended double-ended queueing,2010
93,"Tan, RR|Culaba, AB|Purvis, MRI",ENVIRONMENTAL MODELLING & SOFTWARE, Elsevier Ltd. All rights reserved.,POLCAGE 1.0 - a possibilistic life-cycle assessment model for evaluating alternative transportation fuels,2004
94,"Moftakhari, A|Aghanajafi, C|Ghazvin, AMC",INVERSE PROBLEMS IN SCIENCE AND ENGINEERING,,Inverse heat transfer analysis of radiator central heating systems inside residential buildings using sensitivity analysis,2017
95,"Saloranta, TM",JOURNAL OF HYDROLOGY, (C) 2016 Elsevier B.V. All rights reserved.,Operational snow mapping with simplified data assimilation using the seNorge snow model,2016
96,"Necpalova, M|Anex, RP|Fienen, MN|Del Grosso, SJ|Castellano, MJ|Sawyer, JE|Iqbal, J|Pantoja, JL|Barker, DW",ENVIRONMENTAL MODELLING & SOFTWARE, Elsevier Ltd. This is an open access article under the CC BY-NC-ND license (http://creativecommons.org/licenses/by-nc-nd/4.0/).,"Understanding the Day Cent model: Calibration, sensitivity, and identifiability through inverse modeling",2015
97,"Mevissen, N|Schulzke, T|Unger, CA|Mac an Bhaird, S",ENVIRONMENTAL PROGRESS & SUSTAINABLE ENERGY," (C) 2009 American institute of Chemical Engineers Environ Prog, 28: 347-354, 2009",Thermodynamics of Autothermal Wood Gasification,2009
98,"Lu, B|Ou, HA|Cui, ZS",STRUCTURAL AND MULTIDISCIPLINARY OPTIMIZATION,,Shape optimisation of preform design for precision close-die forging,2011
99,"Ganguly, A|Patel, SK",APPLIED SOFT COMPUTING, (C) 2014 Elsevier B.V. All rights reserved.,A teaching-learning based optimization approach for economic design of X-bar control chart,2014
100,"Chen, BS|Gu, YX|Zhang, HW|Zhao, GZ",INTERNATIONAL JOURNAL FOR NUMERICAL METHODS IN ENGINEERING," Copyright (C) 2003 John Wiley Sons, Ltd.",Structural design optimization on thermally induced vibration,2003
101,"Huber, C|Ryan, L|O Gallachoir, B|Resch, G|Polaski, K|Bazilian, M",ENERGY POLICY, (c) 2006 Published by Elsevier Ltd.,Economic modelling of price support mechanisms for renewable energy: Case study on Ireland,2007
102,"Feinberg, J|Langtangen, HP",JOURNAL OF COMPUTATIONAL SCIENCE, Published by Elsevier B.V.,Chaospy: An open source tool for designing methods of uncertainty quantification,2015
103,"Zhang, YN|Brown, TR|Hu, GP|Brown, RC",CHEMICAL ENGINEERING JOURNAL, (c) 2013 Published by Elsevier B.V.,Techno-economic analysis of two bio-oil upgrading pathways,2013
104,"Viot, H|Sempey, A|Pauly, M|Mora, L",BUILDING AND ENVIRONMENT, (C) 2015 Published by Elsevier Ltd.,Comparison of different methods for calculating thermal bridges: Application to wood-frame buildings,2015
105,"Dimitriou, I|Garcia-Gutierrez, P|Elder, RH|Cuellar-Franca, RM|Azapagic, A|Allen, RWK",ENERGY & ENVIRONMENTAL SCIENCE,,Carbon dioxide utilisation for production of transport fuels: process and economic analysis,2015
106,"Quan, G|Conte, JP|Elgamal, A|Yang, ZH",COMPUTER METHODS IN APPLIED MECHANICS AND ENGINEERING, (C) 2009 Elsevier B.V. All rights reserved.,Finite element response sensitivity analysis of multi-yield-surface J(2) plasticity model by direct differentiation method,2009
107,"Yalew, S|van Griensven, A|Ray, N|Kokoszkiewicz, L|Betrie, GD",ENVIRONMENTAL MODELLING & SOFTWARE, Elsevier Ltd. All rights reserved.,Distributed computation of large scale SWAT models on the Grid,2013
108,"Jamshidian, M|Yuan, KH",JOURNAL OF STATISTICAL COMPUTATION AND SIMULATION,,Data-driven sensitivity analysis to detect missing data mechanism with applications to structural equation modelling,2013
109,"Panayirci, HM",ADVANCES IN ENGINEERING SOFTWARE, Elsevier Ltd. All rights reserved.,Efficient solution for Galerkin-based polynomial chaos expansion systems,2010
110,"Barca, E|Porcu, E|Bruno, D|Passarella, G",ENVIRONMENTAL MODELLING & SOFTWARE, Elsevier Ltd. All rights reserved.,An automated decision support system for aided assessment of variogram models,2017
111,"Henrion, M|Bernstein, B|Swamy, S",INTEGRATED ENVIRONMENTAL ASSESSMENT AND MANAGEMENT, (C) 2015 SETAC,A Multi-Attribute Decision Analysis for Decommissioning Offshore Oil and Gas Platforms,2015
112,"Arnst, M|Ponthot, JP",INTERNATIONAL JOURNAL FOR UNCERTAINTY QUANTIFICATION,,"AN OVERVIEW OF NONINTRUSIVE CHARACTERIZATION, PROPAGATION, AND SENSITIVITY ANALYSIS OF UNCERTAINTIES IN COMPUTATIONAL MECHANICS",2014
113,"Diaz-Nieto, J|Lerner, DN|Saul, AJ|Blanksby, J",JOURNAL OF HYDROLOGIC ENGINEERING, (C) 2012 American Society of Civil Engineers.,GIS Water-Balance Approach to Support Surface Water Flood-Risk Management,2012
114,"Cohan, DS|Boylan, JW|Marmur, A|Khan, MN",ENVIRONMENTAL MANAGEMENT,,An integrated framework for multipollutant air quality management and its application in georgia,2007
115,"Sincock, AM|Wheater, HS|Whitehead, PG",JOURNAL OF HYDROLOGY, (C) 2003 Elsevier Science B.V. All rights reserved.,Calibration and sensitivity analysis of a river water quality model under unsteady flow conditions,2003
116,"Ghorbannezhad, P|Azizi, M|Ray, C|Yoo, C|Ramazani, O",ENVIRONMENT PROTECTION ENGINEERING,,APPLICATION OF SENSITIVITY ANALYSIS FOR ASSESSMENT OF ENERGY AND ENVIRONMENTAL ALTERNATIVES IN THE MANUFACTURE BY USING ANALYTIC HIERARCHY PROCESS,2013
117,"Copelli, S|Derudi, M|Cattaneo, CS|Nano, G|Raboni, M|Torretta, V|Rota, R",PROCESS SAFETY AND ENVIRONMENTAL PROTECTION, Published by Elsevier B.V. All rights reserved.,Synthesis of 4-Chloro-3-nitrobenzotrifluoride: Industrial thermal runaway simulation due to cooling system failure,2014
118,"Rodat, S|Abanades, S|Coulie, J|Flamant, G",CHEMICAL ENGINEERING JOURNAL, (c) 2008 Elsevier B.V. All rights reserved.,Kinetic modelling of methane decomposition in a tubular solar reactor,2009
119,"Kumar, D|Rocadenbosch, F",JOURNAL OF APPLIED REMOTE SENSING, (C) 2013 Society of Photo-Optical Instrumentation Engineers (SPIE) [DOI: 10.1117/1.JRS.7.073591],Determination of the overlap factor and its enhancement for medium-size tropospheric lidar systems: a ray-tracing approach,2013
120,"Giraldi, L|Le Maitre, OP|Mandli, KT|Dawson, CN|Hoteit, I|Knio, OM",COMPUTATIONAL GEOSCIENCES,,Bayesian inference of earthquake parameters from buoy data using a polynomial chaos-based surrogate,2017
121,"Ceylan, H",MATHEMATICAL PROBLEMS IN ENGINEERING,,Optimal Design of Signal Controlled Road Networks Using Differential Evolution Optimization Algorithm,2013
122,"Wagener, T|Kollat, J",ENVIRONMENTAL MODELLING & SOFTWARE, Elsevier Ltd. All rights reserved.,Numerical and visual evaluation of hydrological and environmental models using the Monte Carlo analysis toolbox,2007
123,"Wang, RC|Terada, A|Lackner, S|Smets, BF|Henze, M|Xia, SQ|Zhao, JF",WATER RESEARCH, Elsevier Ltd. All rights reserved.,Nitritation performance and biofilm development of co- and counter-diffusion biofilm reactors: Modeling and experimental comparison,2009
124,"Yamwong, W|Achalakul, T",APPLIED SOFT COMPUTING, (C) 2011 Elsevier B.V. All rights reserved.,Yield improvement analysis with parameter-screening factorials,2012
125,"Eldib, H|Wang, C",IEEE TRANSACTIONS ON COMPUTER-AIDED DESIGN OF INTEGRATED CIRCUITS AND SYSTEMS,,An SMT Based Method for Optimizing Arithmetic Computations in Embedded Software Code,2014
126,"Wang, KH|Kuo, CC|Pearn, WL",APPLIED MATHEMATICAL MODELLING, (c) 2007 Elsevier Inc. All rights reserved.,A recursive method for the F-policy G/M/1/K queueing system with an exponential startup time,2008
127,"Le Coz, J|Bechon, PM|Camenen, B|Dramais, G",HOUILLE BLANCHE-REVUE INTERNATIONALE DE L EAU,,Quantification of the uncertainties related to velocity-area streamgauging data,2014
128,"Mulungu, DMM|Munishi, SE",PHYSICS AND CHEMISTRY OF THE EARTH, (c) 2007 Published by Elsevier Ltd.,Simiyu River catchment parameterization using SWAT model,2007
129,"Souhar, O|Faure, JB|Paquier, A",ENVIRONMENTAL FLUID MECHANICS,,Automatic sensitivity analysis of a finite volume model for two-dimensional shallow water flows,2007
130,"Landry, H|Lague, C|Roberge, M",COMPUTERS AND ELECTRONICS IN AGRICULTURE, (c) 2005 Elsevier B.V. All rights reserved.,Discrete element representation of manure products,2006
131,"Mandal, K|Banerjee, S|Chakraborty, C",IEEE TRANSACTIONS ON INDUSTRIAL INFORMATICS,,A New Algorithm for Small-Signal Analysis of DC-DC Converters,2014
132,"Li, QY|Pham, H",APPLIED MATHEMATICAL MODELLING, (C) 2017 Elsevier Inc. All rights reserved.,NHPP software reliability model considering the uncertainty of operating environments with imperfect debugging and testing coverage,2017
133,"Belleri, A|Lollini, R|Dutton, SM",BUILDING AND ENVIRONMENT, Elsevier Ltd. All rights reserved.,Natural ventilation design: An analysis of predicted and measured performance,2014
134,"Chen, CF|Lin, JY|Kang, SF|Lee, YJ|Yang, CH",ENVIRONMENTAL ENGINEERING SCIENCE,,Predicting the Long-Term Performance of a Structural Best Management Practice with the BMP ToolBox Model,2010
135,"Fewtrell, TJ|Bates, PD|Horritt, M|Hunter, NM",HYDROLOGICAL PROCESSES," Copyright (C) 2008 John Wiley & Sons, Ltd.",Evaluating the effect of scale in flood inundation modelling in urban environments,2008
136,"Banar, M|Cokaygil, Z",CLEAN-SOIL AIR WATER,,A Life Cycle Comparison of Alternative Cheese Packages,2009
137,"Puncher, M|Birchall, A",RADIATION PROTECTION DOSIMETRY,,Estimating uncertainty on internal dose assessments,2007
138,"Rafique, R|Fienen, MN|Parkin, TB|Anex, RP",WATER AIR AND SOIL POLLUTION,,Nitrous Oxide Emissions from Cropland: a Procedure for Calibrating the DayCent Biogeochemical Model Using Inverse Modelling,2013
139,"Kanso, A|Tassin, B|Chebbo, G",HOUILLE BLANCHE-REVUE INTERNATIONALE DE L EAU,,Evaluation of urban stormwater quality models,2007
140,"Pieragostini, C|Aguirre, P|Mussati, MC",SCIENCE OF THE TOTAL ENVIRONMENT, (C) 2013 Elsevier B.V. All rights reserved.,Life cycle assessment of corn-based ethanol production in Argentina,2014
141,"Pianosi, F|Sarrazin, F|Wagener, T",ENVIRONMENTAL MODELLING & SOFTWARE, Published by Elsevier Ltd.,A Matlab toolbox for Global Sensitivity Analysis,2015
142,"Bogdanor, MJ|Mahadevan, S|Oskay, C",INTERNATIONAL JOURNAL FOR MULTISCALE COMPUTATIONAL ENGINEERING,,UNCERTAINTY QUANTIFICATION IN DAMAGE MODELING OF HETEROGENEOUS MATERIALS,2013
143,"Kazanasmaz, T|Gunaydin, M|Binol, S",BUILDING AND ENVIRONMENT, Elsevier Ltd. All rights reserved.,Artificial neural networks to predict daylight illuminance in office buildings,2009
144,"Lindenschmidt, KE",WATER,,"RIVICE-A Non-Proprietary, Open-Source, One-Dimensional River-Ice Model",2017
145,"Wegmann, F|Cavin, L|MacLeod, M|Scheringer, M|Hungerbuhler, K",ENVIRONMENTAL MODELLING & SOFTWARE, Elsevier Ltd. All rights reserved.,The OECD software tool for screening chemicals for persistence and long-range transport potential,2009
146,"Ozkan, A|Gunkaya, Z|Tok, G|Karacasulu, L|Metesoy, M|Banar, M|Kara, A",SUSTAINABILITY,,Life Cycle Assessment and Life Cycle Cost Analysis of Magnesia Spinel Brick Production,2016
147,"Kintsch, W",JOURNAL OF BIOMEDICAL INFORMATICS, (C) 2002 Elsevier Science (USA). All rights reserved.,The potential of latent semantic analysis for machine grading of clinical case summaries,2002
148,"Feng, YL|Brubaker, KL",JOURNAL OF HYDROLOGIC ENGINEERING,,Sensitivity of Flood-Depth Frequency to Watershed-Runoff Change and Sea-Level Rise Using a One-Dimensional Hydraulic Model,2016
149,"Sterba, SK",STRUCTURAL EQUATION MODELING-A MULTIDISCIPLINARY JOURNAL,,Pattern Mixture Models for Quantifying Missing Data Uncertainty in Longitudinal Invariance Testing,2017
150,"Nguyen, TT|Willems, P",WATER RESOURCES MANAGEMENT,,The Influence of Model Structure Uncertainty on Water Quality Assessment,2016
151,"Small, MJ",RISK ANALYSIS,,Methods for assessing uncertainty in fundamental assumptions and associated models for cancer risk assessment,2008
152,"Munz, M|Schmidt, C",HYDROLOGICAL PROCESSES,,Estimation of vertical water fluxes from temperature time series by the inverse numerical computer program FLUX-BOT,2017
153,"Figueiredo, A|Figueira, J|Vicente, R|Maio, R",BUILDING AND ENVIRONMENT, (c) 2016 Elsevier Ltd.,Thermal comfort and energy performance: Sensitivity analysis to apply the Passive House concept to the Portuguese climate,2016
154,"Borge, R|de Miguel, I|de la Paz, D|Lumbreras, J|Perez, J|Rodriguez, E",ATMOSPHERIC ENVIRONMENT, Elsevier Ltd. All rights reserved.,Comparison of road traffic emission models in Madrid (Spain),2012
155,"Cheng, LY|AghaKouchak, A|Gilleland, E|Katz, RW",CLIMATIC CHANGE,,Non-stationary extreme value analysis in a changing climate,2014
156,"Novak, D|Vorechovsky, M|Teply, B",ADVANCES IN ENGINEERING SOFTWARE, Elsevier Ltd. All rights reserved.,FReET: Software for the statistical and reliability analysis of engineering problems and FReET-D: Degradation module,2014
157,"Carvalho, A|Gani, R|Matos, H",PROCESS SAFETY AND ENVIRONMENTAL PROTECTION, Published by Elsevier B.V. All rights reserved.,Design of sustainable chemical processes: Systematic retrofit analysis generation and evaluation of alternatives,2008
158,"Akbari, J|Ahmadi, MT|Moharrami, H",APPLIED MATHEMATICAL MODELLING, (C) 2011 Elsevier Inc. All rights reserved.,Advances in concrete arch dams shape optimization,2011
159,"Oliveri, AC|Goicoechea, HC|Inon, FA",CHEMOMETRICS AND INTELLIGENT LABORATORY SYSTEMS, (C) 2004 Elsevier B.V. All rights reserved.,MVC1: an integrated MatLab toolbox for first-order multivariate calibration,2004
160,"Ashofteh, PS|Bozorg-Haddad, O|Marino, MA",JOURNAL OF HYDROLOGIC ENGINEERING, (C) 2014 American Society of Civil Engineers.,Risk Analysis of Water Demand for Agricultural Crops under Climate Change,2015
161,"Simunek, J|He, CM|Pang, LP|Bradford, SA",VADOSE ZONE JOURNAL,,Colloid-facilitated solute transport in variably saturated porous media: Numerical model and experimental verification,2006
162,"Ghysels, A|Verstraelen, T|Hemelsoet, K|Waroquier, M|Van Speybroeck, V",JOURNAL OF CHEMICAL INFORMATION AND MODELING,,TAMkin: A Versatile Package for Vibrational Analysis and Chemical Kinetics,2010
163,"Geza, M|Poeter, EP|McCray, JE",JOURNAL OF HYDROLOGY, (C) 2009 Elsevier B.V. All rights reserved.,Quantifying predictive uncertainty for a mountain-watershed model,2009
164,"Sattar, AMA",JOURNAL OF HYDRAULIC RESEARCH,,A probabilistic projection of the transient flow equations with random system parameters and internal boundary conditions,2016
165,"Campisano, A|Catania, FV|Modica, C",URBAN WATER JOURNAL,,Evaluating the SWMM LID Editor rain barrel option for the estimation of retention potential of rainwater harvesting systems,2017
166,"Ardejani, FD|Badii, K|Farhadi, F|Saberi, MA|Shokri, BJ",ENVIRONMENTAL MODELING & ASSESSMENT,,A Computational Fluid Dynamic Model for Prediction of Organic Dyes Adsorption from Aqueous Solutions,2012
167,"Lin, ZL|Radcliffe, DE",VADOSE ZONE JOURNAL,,Automatic calibration and predictive uncertainty analysis of a semidistributed watershed model,2006
168,"Li, XA|Xie, M|Ng, SH",APPLIED MATHEMATICAL MODELLING, (c) 2010 Elsevier Inc. All rights reserved.,Sensitivity analysis of release time of software reliability models incorporating testing effort with multiple change-points,2010
169,"Karmakar, S|NKetia, M|Lague, C|Agnew, J",COMPUTERS AND ELECTRONICS IN AGRICULTURE, (C) 2010 Elsevier B.V. All rights reserved.,Development of expert system modeling based decision support system for swine manure management,2010
170,"Wi, S|Ray, P|Demaria, EMC|Steinschneider, S|Brown, C",ENVIRONMENTAL MODELLING & SOFTWARE, Elsevier Ltd. All rights reserved.,A user-friendly software package for VIC hydrologic model development,2017
171,"Salinger, AG|Bartlett, RA|Bradley, AM|Chen, QS|Demeshko, IP|Gao, XJ|Hansen, GA|Mota, A|Muller, RP|Nielsen, E|Ostien, JT|Pawlowski, RP|Perego, M|Phipps, ET|Sun, WC|Tezaur, IK",INTERNATIONAL JOURNAL FOR MULTISCALE COMPUTATIONAL ENGINEERING,,"ALBANY: USING COMPONENT-BASED DESIGN TO DEVELOP A FLEXIBLE, GENERIC MULTIPHYSICS ANALYSIS CODE",2016
172,"Huttary, R|Goubergrits, L|Schutte, C|Bernhard, S",COMPUTERS IN BIOLOGY AND MEDICINE,,"Simulation, identification and statistical variation in cardiovascular analysis (SISCA) - A software framework for multi-compartment lumped modeling",2017
173,"Kumar, D|Pandey, A|Sharma, N|Flugel, WA",JOURNAL OF HYDROLOGIC ENGINEERING, (C) 2015 American Society of Civil Engineers.,Evaluation of TRMM-Precipitation with Rain-Gauge Observation Using Hydrological Model J2000,2017
174,"van Griensven, A|Popescu, L|Abdelhamid, MR|Ndomba, PM|Beevers, L|Betrie, GD",PHYSICS AND CHEMISTRY OF THE EARTH, Elsevier Ltd. All rights reserved.,Comparison of sediment transport computations using hydrodynamic versus hydrologic models in the Simiyu River in Tanzania,2013
175,"Rahmani, N|Nikbakhtan, B|Ahangari, K|Apel, D",INTERNATIONAL JOURNAL OF MINING RECLAMATION AND ENVIRONMENT,,Comparison of empirical and numerical methods in tunnel stability analysis,2012
176,"Al Ananzeh, N|Bergendahl, JA|Thompson, RW",ENVIRONMENTAL CHEMISTRY,,Kinetic model for the degradation of MTBE by Fenton's oxidation,2006
177,"Xiao, LS|Wang, R|Chiang, PC|Pan, SY|Guo, QH|Chang, EE",AEROSOL AND AIR QUALITY RESEARCH,,Comparative Life Cycle Assessment (LCA) of Accelerated Carbonation Processes Using Steelmaking Slag for CO2 Fixation,2014
178,"Giupponi, C|Mysiak, J|Fassio, A|Cogan, V",MATHEMATICS AND COMPUTERS IN SIMULATION, (C) 2003 Published by Elsevier B.V on behalf of IMACS.,MULINO-DSS: a computer tool for sustainable use of water resources at the catchment scale,2004
179,"Wang, C|Duan, QY|Tong, CH|Di, ZH|Gong, W",ENVIRONMENTAL MODELLING & SOFTWARE, Published by Elsevier Ltd.,A GUI platform for uncertainty quantification of complex dynamical models,2016
180,"Srinivas, R|Singh, AP|Sharma, R",WATER RESOURCES MANAGEMENT,,A Scenario Based Impact Assessment of Trace Metals on Ecosystem of River Ganges Using Multivariate Analysis Coupled with Fuzzy Decision-Making Approach,2017
181,"Sohrabi, TM|Shirmohammadi, A|Chu, TW|Montas, H|Nejadhashemi, AP",ENVIRONMENTAL FORENSICS,,Uncertainty analysis of hydrologic and water quality predictions for a small watershed using SWAT2000,2003
182,"Dixon, B",JOURNAL OF HYDROLOGY, (c) 2004 Elsevier B.V. All rights reserved.,Applicability of neuro-fuzzy techniques in predicting ground-water vulnerability: a GIS-based sensitivity analysis,2005
183,"Pistikopoulos, EN|Diangelakis, NA",COMPUTERS & CHEMICAL ENGINEERING, Elsevier Ltd. All rights reserved.,"Towards the integration of process design, control and scheduling: Are we getting closer?",2016
184,"Xie, XF|Giammar, DE|Wang, ZM",ENVIRONMENTAL SCIENCE & TECHNOLOGY,,MINFIT: A Spreadsheet-Based Tool for Parameter Estimation in an Equilibrium Speciation Software Program,2016
185,"Mohammadi, A|Abbasi, A|Alimohammadlou, M|Eghtesadifard, M|Khalifeh, M",COMPUTERS & INDUSTRIAL ENGINEERING,,Optimal design of a multi-echelon supply chain in a system thinking framework: An integrated financial-operational approach,2017
186,"Cucurachi, S|Heijungs, R",SCIENCE OF THE TOTAL ENVIRONMENT, (C) 2013 Elsevier B.V. All rights reserved.,Characterisation factors for life cycle impact assessment of sound emissions,2014
187,"Annadurai, K|Uthayakumar, R",APPLIED MATHEMATICAL MODELLING, (C) 2010 Elsevier Inc. All rights reserved.,"Reducing lost-sales rate in (T,R,L) inventory model with controllable lead time",2010
188,"Papoutsis-Kiachagias, EM|Papadimitriou, DI|Giannakoglou, KC",INTERNATIONAL JOURNAL FOR NUMERICAL METHODS IN FLUIDS," Copyright (C) 2011 John Wiley & Sons, Ltd.",Robust design in aerodynamics using third-order sensitivity analysis based on discrete adjoint. Application to quasi-1D flows,2012
189,"Aksezer, CS",JOURNAL OF INDUSTRIAL AND MANAGEMENT OPTIMIZATION,,ON THE SENSITIVITY OF DESIRABILITY FUNCTIONS FOR MULTIRESPONSE OPTIMIZATION,2008
190,"Mallants, D|Simunek, J|van Genuchten, MT|Jacques, D",WATER,,Simulating the Fate and Transport of Coal Seam Gas Chemicals in Variably-Saturated Soils Using HYDRUS,2017
191,"Dennis, I|Pretorius, J|Steyl, G",ENVIRONMENTAL EARTH SCIENCES,,Effect of fracture zone on DNAPL transport and dispersion: a numerical approach,2010
192,"Banar, M|Cokaygil, Z",ENVIRONMENTAL ENGINEERING SCIENCE,,A comparative life cycle analysis of two different juice packages,2008
193,"Feng, SQ",MATHEMATICAL PROBLEMS IN ENGINEERING,,Numerical Study of the Performance and Emission of a Diesel-Syngas Dual Fuel Engine,2017
194,"Stangl, D|Huerta, G",LIFETIME DATA ANALYSIS,,Assessing the impact of managed-care on the distribution of length-of-stay using Bayesian hierarchical models,2000
195,"Bakhtiari, AA|Hematian, A|Sharifi, A",ENVIRONMENTAL SCIENCE AND POLLUTION RESEARCH,,Energy analyses and greenhouse gas emissions assessment for saffron production cycle,2015
196,"Huang, X|Xie, YM|Jia, B|Li, Q|Zhou, SW",STRUCTURAL AND MULTIDISCIPLINARY OPTIMIZATION,,Evolutionary topology optimization of periodic composites for extremal magnetic permeability and electrical permittivity,2012
197,"Abed-Elmdoust, A|Kerachian, R",ENVIRONMENTAL ENGINEERING AND MANAGEMENT JOURNAL,,ASSESSMENT OF INDUSTRIAL SOLID WASTE USING THE INTELLIGENT DECISION SYSTEM (IDS) METHOD,2016
198,"Cai, BP|Liu, YH|Liu, ZK|Tian, XJ|Zhang, YZ|Ji, RJ",RISK ANALYSIS,,Application of Bayesian Networks in Quantitative Risk Assessment of Subsea Blowout Preventer Operations,2013
199,"Silva, CAC|Bittencourt, ML",STRUCTURAL AND MULTIDISCIPLINARY OPTIMIZATION,,An object-oriented structural optimization program,2000
200,"Schmidt, J|Hennrich, K|Dikau, R",HYDROLOGICAL PROCESSES," Copyright (C) 2000 John Wiley & Sons, Ltd.",Scales and similarities in runoff processes with respect to geomorphometry,2000
201,"Brown, JD|Heuvelink, GBM",COMPUTERS & GEOSCIENCES, Elsevier Ltd. All rights reserved.,The Data Uncertainty Engine (DUE): A software tool for assessing and simulating uncertain environmental variables,2007
202,"Rizzo, DM|Mouser, PJ|Whitney, DH|Mark, CD|Magarey, RD|Voinov, AA",ENVIRONMENTAL MODELLING & SOFTWARE, Elsevier Ltd. All rights reserved.,The comparison of four dynamic systems-based software packages: Translation and sensitivity analysis,2006
203,"Hunt, M|Haley, B|McLennan, M|Koslowski, M|Murthy, J|Strachan, A",COMPUTER PHYSICS COMMUNICATIONS, (C) 2015 Elsevier B.V. All rights reserved.,PUQ; A code for non-intrusive uncertainty propagation in computer simulations,2015
204,"Xu, XG|Xu, LF|Yan, L|Ma, LY|Lu, YL",ENVIRONMENTAL EARTH SCIENCES,,Integrated regional ecological risk assessment of multi-ecosystems under multi-disasters: a case study of China,2015
205,"Petropoulos, GP|Anagnostopoulos, V",ENVIRONMENTAL MODELLING & SOFTWARE, Elsevier Ltd. All rights reserved.,SEVIRI PrePro: A novel software tool for the pre-processing of SEVIRI geostationary orbit EO data products,2016
206,"Jin, XL|Liu, SY|Baret, F|Hemerle, M|Comar, A",REMOTE SENSING OF ENVIRONMENT, (C) 2017 Elsevier Inc. All rights reserved.,Estimates of plant density of wheat crops at emergence from very low altitude UAV imagery,2017
207,"Moriasi, DN|King, KW|Bosch, DD|Bjorneberg, DL|Teet, S|Guzman, JA|Williams, MR",AGRICULTURAL WATER MANAGEMENT, Published by Elsevier B.V.,Framework to parameterize and validate APEX to support deployment of the nutrient tracking tool,2016
208,"Tan, ECD|Marker, TL|Roberts, MJ",ENVIRONMENTAL PROGRESS & SUSTAINABLE ENERGY," (c) 2013 American Institute of Chemical Engineers Environ Prog, 33: 609-617, 2014",Direct Production of Gasoline and Diesel Fuels from Biomass via Integrated Hydropyrolysis and Hydroconversion Process-A Techno- economic Analysis,2014
209,"Shaaban, S|Yahya, H",DESALINATION,,Detailed analysis of reverse osmosis systems in hot climate conditions,2017
210,"Cheah, KW|Yusup, S|Singh, HKG|Uemura, Y|Lam, HL",JOURNAL OF ENVIRONMENTAL MANAGEMENT, Elsevier Ltd. All rights reserved.,Process simulation and techno economic analysis of renewable diesel production via catalytic decarboxylation of rubber seed oil - A case study in Malaysia,2017
211,"Rafe, V|Moradi, M|Yousefian, R|Nikanjam, A",APPLIED SOFT COMPUTING, (C) 2015 Elsevier B.V. All rights reserved.,A meta-heuristic solution for automated refutation of complex software systems specified through graph transformations,2015
212,"Al-Fulaij, H|Cipollina, A|Micale, G|Ettouney, H|Bogle, D",ENGINEERING COMPUTATIONS,,Eulerian-Eulerian modelling and computational fluid dynamics simulation of wire mesh demisters in MSF plants,2014
213,"Souhar, O|Faure, JB",INTERNATIONAL JOURNAL FOR NUMERICAL METHODS IN FLUIDS," Copyright (C) 2010 John Wiley & Sons, Ltd.",Automatic differentiation strategy for the local sensitivity analysis of a one-dimensional hydraulic model,2011
214,"Kalampalikas, NG|Pilavachi, PA",ENERGY POLICY, Elsevier Ltd. All rights reserved.,"A model for the development of a power production system in Greece, Part I: Where RES do not meet EU targets",2010
215,"Fallahzadeh, RA|Ghaneian, MT|Miri, M|Dashti, MM",ENVIRONMENTAL SCIENCE AND POLLUTION RESEARCH,,Spatial analysis and health risk assessment of heavy metals concentration in drinking water resources,2017
216,"Rodriguez, JP|Achleitner, S|Moderl, M|Rauch, W|Maksimovic, C|McIntyre, N|Diaz-Granados, MA|Rodriguez, MS",WATER SCIENCE AND TECHNOLOGY,,Sediment and pollutant load modelling using an integrated urban drainage modelling toolbox: an application of City Drain,2010
217,"Li, H|Parent, LE|Karam, A",AGRICULTURE ECOSYSTEMS & ENVIRONMENT, (c) 2006 Elsevier B.V. All rights reserved.,Simulation modeling of soil and plant nitrogen use in a potato cropping system in the humid and cool environment,2006
218,"Howell, CJ|Crohn, DM|Omary, M",ECOLOGICAL ENGINEERING, (C) 2005 Elsevier B.V. All rights reserved.,Simulating nutrient cycling and removal through treatment wetlands in arid/semiarid environments,2005
219,"Belyaev, M|Burnaev, E|Kapushev, E|Panov, M|Prikhodko, P|Vetrov, D|Yarotsky, D",ADVANCES IN ENGINEERING SOFTWARE, Elsevier Ltd. All rights reserved.,GTApprox: Surrogate modeling for industrial design,2016
220,"Parker, J|Kim, U|Kitanidis, P|Cardiff, M|Liu, XY|Beyke, G",ENVIRONMENTAL MODELLING & SOFTWARE, Elsevier Ltd. All rights reserved.,Stochastic cost optimization of DNAPL remediation - Method description and sensitivity study,2012
221,"Siade, AJ|Hall, J|Karelse, RN",WATER RESOURCES RESEARCH,,"A Practical, Robust Methodology for Acquiring New Observation Data Using Computationally Expensive Groundwater Models",2017
222,"Sun, F|Shao, HB|Kalbacher, T|Wang, WQ|Yang, ZS|Huang, ZF|Kolditz, O",ENVIRONMENTAL EARTH SCIENCES,,Groundwater drawdown at Nankou site of Beijing Plain: model development and calibration,2011
223,"Reichert, P",WATER SCIENCE AND TECHNOLOGY,,A standard interface between simulation programs and systems analysis software,2006
224,"Weerts, AH|El Serafy, GY|Hummel, S|Dhondia, J|Gerritsen, H",COMPUTERS & GEOSCIENCES, Elsevier Ltd. All rights reserved.,Application of generic data assimilation tools (DATools) for flood forecasting purposes,2010
225,"Sinha, K",STRUCTURAL AND MULTIDISCIPLINARY OPTIMIZATION,,Reliability-based multiobjective optimization for automotive crashworthiness and occupant safety,2007
226,"Jou, CC",COMPUTERS & INDUSTRIAL ENGINEERING, Elsevier Ltd. All rights reserved.,The decision model of task allocation for constrained stochastic distributed systems,2010
227,"Ayav, T|Sozer, H",APPLIED SOFT COMPUTING, (C) 2016 Elsevier B.V. All rights reserved.,Identifying critical architectural components with spectral analysis of fault trees,2016
228,"Tarefder, RA|Sumee, N|Storlie, C",JOURNAL OF COMPUTING IN CIVIL ENGINEERING,,Study of MEPDG Sensitivity Using Nonparametric Regression Procedures,2014
229,"Samso, R|Blazquez, J|Agullo, N|Grau, J|Torres, R|Garcia, J",ECOLOGICAL ENGINEERING, (C) 2014 Elsevier B.V. All rights reserved.,Effect of bacteria density and accumulated inert solids on the effluent pollutant concentrations predicted by the constructed wetlands model BIO_PORE,2015
230,"Duan, HB|Eugster, M|Hischier, R|Streicher-Porte, M|Li, JH",SCIENCE OF THE TOTAL ENVIRONMENT, Crown Copyright (C) 2008 Published by Elsevier B.V. All rights reserved.,Life cycle assessment study of a Chinese desktop personal computer,2009
231,"Alzbutas, R|Iesmantas, T|Povilaitis, M|Vitkute, J",STOCHASTIC ENVIRONMENTAL RESEARCH AND RISK ASSESSMENT,,Risk and uncertainty analysis of gas pipeline failure and gas combustion consequence,2014
232,"Thomas, E|Lucia, A",COMPUTERS & CHEMICAL ENGINEERING, Elsevier Ltd. All rights reserved.,Multi-scale equation of state computations for confined fluids,2017
233,"Peh, KSH|Thapa, I|Basnyat, M|Balmford, A|Bhattarai, GP|Bradbury, RB|Brown, C|Butchart, SHM|Dhakal, M|Gurung, H|Hughes, FMR|Mulligan, M|Pandeya, B|Stattersfield, AJ|Thomas, DHL|Walpole, M|Merriman, JC",ECOSYSTEM SERVICES, (C) 2016 Elsevier B.V. All rights reserved.,"Synergies between biodiversity conservation and ecosystem service provision: Lessons on integrated ecosystem service valuation from a Himalayan protected area, Nepal",2016
234,"Sheehan, C|Harrington, J",RESOURCES CONSERVATION AND RECYCLING, (C) 2012 Elsevier B.V. All rights reserved.,An environmental and economic analysis for geotube coastal structures retaining dredge material,2012
235,"Gallagher, M|Doherty, J",ENVIRONMENTAL MODELLING & SOFTWARE, Elsevier Ltd. All rights reserved.,Parameter estimation and uncertainty analysis for a watershed model,2007
236,"de Lary, L|Loschetter, A|Bouc, O|Rohmer, J|Oldenburg, CM",INTERNATIONAL JOURNAL OF GREENHOUSE GAS CONTROL, Elsevier Ltd. All rights reserved.,Assessing health impacts of CO2 leakage from a geological storage site into buildings: Role of attenuation in the unsaturated zone and building foundation,2012
237,"Trigg, MA|Cook, PG|Brunner, P",JOURNAL OF HYDROLOGY, (C) 2014 Elsevier B.V. All rights reserved.,Groundwater fluxes in a shallow seasonal wetland pond: The effect of bathymetric uncertainty on predicted water and solute balances,2014
238,"Meeks, J|Moeck, C|Brunner, P|Hunkeler, D",JOURNAL OF HYDROLOGY, (C) 2017 Elsevier B.V. All rights reserved.,Infiltration under snow cover: Modeling approaches and predictive uncertainty,2017
239,"Verdu, F|Villacampa, Y",ADVANCES IN ENGINEERING SOFTWARE, (C) 2002 Elsevier Science Ltd. All rights reserved.,A computer program for a Monte Carlo analysis of sensitivity in equations of environmental modelling obtained from experimental data,2002
240,"Futter, MN|Erlandsson, MA|Butterfield, D|Whitehead, PG|Oni, SK|Wade, AJ",HYDROLOGY AND EARTH SYSTEM SCIENCES,,PERSiST: a flexible rainfall-runoff modelling toolkit for use with the INCA family of models,2014
241,"Merritt, WS|Croke, BFW|Jakeman, AJ",ENVIRONMENTAL MODELLING & SOFTWARE, Elsevier Ltd. All rights reserved.,Sensitivity testing of a model for exploring water resources utilisation and management options,2005
242,"Oliveira, AD|Oliveira, C",RADIATION PROTECTION DOSIMETRY,,Comparison of deterministic and Monte Carlo methods in shielding design,2005
243,"Yang, ZJ|Chen, X|Kelly, R",INTERNATIONAL JOURNAL FOR NUMERICAL METHODS IN ENGINEERING," Copyright (C) 2011 John Wiley & Sons, Ltd.",A topological optimization approach for structural design of a high-speed low-load mechanism using the equivalent static loads method,2012
244,"Khan, S|Mushtaq, S|Chen, C",IRRIGATION AND DRAINAGE," Copyright (C) 2009 John Wiley & Sons, Ltd.",A DECISION SUPPORT TOOL FOR IRRIGATION INFRASTRUCTURE INVESTMENTS,2010
245,"Buchner, JS|Simunek, J|Lee, J|Rolston, DE|Hopmans, JW|King, AP|Six, J",JOURNAL OF HYDROLOGY, (C) 2008 Elsevier B.V. All rights reserved.,Evaluation of CO2 fluxes from an agricultural field using a process-based numerical model,2008
246,"Chang, CL|Lo, SL|Yu, SL",ENVIRONMENTAL MONITORING AND ASSESSMENT,,Role of geographic information system (GIS) in watershed simulation by WinVAST model,2006
247,"Hauseux, P|Hale, JS|Bordas, SPA",COMPUTER METHODS IN APPLIED MECHANICS AND ENGINEERING, (C) 2017 Published by Elsevier B.V.,Accelerating Monte Carlo estimation with derivatives of high-level finite element models,2017
248,"Kavvadias, KC|Khamis, I",DESALINATION, (C) 2010 Elsevier B.V. All rights reserved.,The IAEA DEEP desalination economic model: A critical review,2010
249,"Lunday, BJ|Sherali, HD|Glickman, TS",INFORMS JOURNAL ON COMPUTING,,The Nested Event Tree Model with Application to Combating Terrorism,2010
250,"Lu, HY|Axe, L|Tyson, TA",ENVIRONMENTAL MODELING & ASSESSMENT,,Development and application of computer simulation tools for ecological risk assessment,2003
251,"Khayami, MT|Shayanfar, H|Kazemi, A",INTERNATIONAL JOURNAL OF NUMERICAL MODELLING-ELECTRONIC NETWORKS DEVICES AND FIELDS," Copyright (c) 2014 John Wiley & Sons, Ltd.",Stability analysis of rotary power flow controller,2015
252,"Formetta, G|Capparelli, G|David, O|Green, TR|Rigon, R",WATER,,Integration of a Three-Dimensional Process-Based Hydrological Model into the Object Modeling System,2016
253,"Blozis, SA|Ge, XJ|Xu, S|Natsuaki, MN|Shaw, DS|Neiderhiser, JM|Scaramella, LV|Leve, LD|Reiss, D",STRUCTURAL EQUATION MODELING-A MULTIDISCIPLINARY JOURNAL,,Sensitivity Analysis of Multiple Informant Models When Data Are Not Missing at Random,2013
254,"Jha, MK|Nanda, G|Samuel, MP",WATER RESOURCES MANAGEMENT,,Determining hydraulic characteristics of production wells using genetic algorithm,2004
255,"Yu, VF|Normasari, NME|Luong, HT",MATHEMATICAL PROBLEMS IN ENGINEERING,,Integrated Location-Production-Distribution Planning in a Multiproducts Supply Chain Network Design Model,2015
256,"Ouyang, XG|Guo, F|Shan, D|Yu, HY|Wang, J",ECOLOGICAL ENGINEERING, (C) 2014 Elsevier B.V. All rights reserved.,Development of the integrated fuzzy analytical hierarchy process with multidimensional scaling in selection of natural wastewater treatment alternatives,2015
257,"Wintle, BA|Bekessy, SA|Venier, LA|Pearce, JL|Chisholm, RA",CONSERVATION BIOLOGY,,Utility of dynamic-landscape metapopulation models for sustainable forest management,2005
258,"Caldwell, A|Kollar, D|Kroninger, K",COMPUTER PHYSICS COMMUNICATIONS, (C) 2009 Elsevier B.V. All rights reserved.,BAT - The Bayesian analysis toolkit,2009
259,"Barrio, R|Parrondo, J|Blanco, E",COMPUTERS & FLUIDS, Elsevier Ltd. All rights reserved.,Numerical analysis of the unsteady flow in the near-tongue region in a volute-type centrifugal pump for different operating points,2010
260,"Binamer, A",DESALINATION AND WATER TREATMENT,,Second law and sensitivity analysis of large ME-TVC desalination units,2015
261,"Daescu, DN|Sandu, A|Carmichael, GR",ATMOSPHERIC ENVIRONMENT, Elsevier Ltd. All rights reserved.,Direct and adjoint sensitivity analysis of chemical kinetic systems with KPP: II - Numerical validation and applications,2003
262,"Umesha, PK|Venuraju, MT|Hartmann, D|Leimbach, KR",JOURNAL OF COMPUTING IN CIVIL ENGINEERING,,Parallel computing techniques for sensitivity analysis in optimum structural design,2007
263,"Ghosh, S|Pratihar, DK|Maiti, B|Das, PK",INTERNATIONAL JOURNAL FOR NUMERICAL METHODS IN FLUIDS," Copyright (C) 2009 John Wiley & Sons, Ltd.",An evolutionary optimization of diffuser shapes based on CFD simulations,2010
264,"Xie, H",COMPUTATIONAL STATISTICS & DATA ANALYSIS, (C) 2010 Elsevier B.V. All rights reserved.,Analyzing longitudinal clinical trial data with nonignorable missingness and unknown missingness reasons,2012
265,"West, SG",MULTIVARIATE BEHAVIORAL RESEARCH,,Analyzing Complex Treatment Effects in Nonrandomized Observational Studies: The Case of Retention of Students in Grade,2016
266,"Mala-Jetmarova, H|Barton, A|Bagirov, A",JOURNAL OF HYDROINFORMATICS,,Sensitivity of algorithm parameters and objective function scaling in multi-objective optimisation of water distribution systems,2015
267,"Goor, F|Jossart, JM|Ledent, JF",ENVIRONMENTAL MODELLING & SOFTWARE, (C) 2000 Elsevier Science Ltd. All rights reserved.,ECOP: an economic model to assess the willow short rotation coppice global profitability in a case of small scale gasification pathway in Belgium,2000
268,"Sander, P|Oberg, T",JOURNAL OF SOILS AND SEDIMENTS,,Comparing deterministic and probabilistic risk assessments - A case study at a closed steel mill in southern Sweden,2006
269,"Wang, LY|Ye, M|Rios, JF|Fernandes, R|Lee, PZ|Hicks, RW",ENVIRONMENTAL EARTH SCIENCES,,Estimation of nitrate load from septic systems to surface water bodies using an ArcGIS-based software,2013
270,"Sahinoglu, M|Simmons, SJ|Cahoon, LB|Morton, S",ENVIRONMETRICS," Copyright (c) 2012 John Wiley & Sons, Ltd.",Ecological Risk-O-Meter: a risk assessor and manager software tool for better decision making in ecosystems,2012
271,"Gan, YJ|Duan, QY|Gong, W|Tong, C|Sun, YW|Chu, W|Ye, AZ|Miao, CY|Di, ZH",ENVIRONMENTAL MODELLING & SOFTWARE, Elsevier Ltd. All rights reserved.,A comprehensive evaluation of various sensitivity analysis methods: A case study with a hydrological model,2014
272,"Ruiz, LM|Rodelas, P|Perez, JI|Gomez, MA",JOURNAL OF ENVIRONMENTAL SCIENCE AND HEALTH PART A-TOXIC/HAZARDOUS SUBSTANCES & ENVIRONMENTAL ENGINEERING,,Sensitivity analyses and simulations of a full-scale experimental membrane bioreactor system using the activated sludge model No. 3 (ASM3),2015
273,"Martinez, FC|Cansino, AT|Garcia, MAA|Kalashnikov, V|Rojas, RL",MATHEMATICAL PROBLEMS IN ENGINEERING,,Mathematical Analysis for the Optimization of a Design in a Facultative Pond: Indicator Organism and Organic Matter,2014
274,"Babendreier, JE|Castleton, KJ",ENVIRONMENTAL MODELLING & SOFTWARE, Published by Elsevier Ltd.,"Investigating uncertainty and sensitivity in integrated, multimedia environmental models: tools for FRAMES-3MRA",2005
275,"Pathmanathan, P|Gray, RA",INTERNATIONAL JOURNAL FOR NUMERICAL METHODS IN BIOMEDICAL ENGINEERING," Copyright (c) 2013 John Wiley & Sons, Ltd.",Verification of computational models of cardiac electro-physiology,2014
276,"Reed, JM|Mills, LS|Dunning, JB|Menges, ES|McKelvey, KS|Frye, R|Beissinger, SR|Anstett, MC|Miller, P",CONSERVATION BIOLOGY,,Emerging issues in population viability analysis,2002
277,"Ozdemir, A|Leloglu, UM|Abbaspour, KC",ENVIRONMENTAL EARTH SCIENCES,,Hierarchical approach to hydrological model calibration,2017
278,"Xu, JJ|Yao, SZ|Yang, SK|Wang, P",INTERNATIONAL JOURNAL FOR UNCERTAINTY QUANTIFICATION,,SOFTWARE RELIABILITY GROWTH MODEL WITH TEMPORAL CORRELATION IN A NETWORK ENVIRONMENT,2016
279,"Iskra, I|Droste, R",WATER ENVIRONMENT RESEARCH,,Application of non-linear automatic optimization techniques for calibration of HSPF,2007
280,"Benedetti, L|Bixio, D|Claeys, F|Vanrolleghem, PA",ENVIRONMENTAL MODELLING & SOFTWARE, Elsevier Ltd. All rights reserved.,Tools to support a model-based methodology for emission/immission and benefit/cost/risk analysis of wastewater systems that considers uncertainty,2008
281,"Nielsen, NH|Larsen, MRA|Rasmussen, SF",WATER SCIENCE AND TECHNOLOGY,,Development of a screening method to assess flood risk on Danish national roads and highway systems,2011
282,"Wirtz, D|Nowak, W",ENVIRONMENTAL MODELLING & SOFTWARE, Elsevier Ltd. All rights reserved.,"The rocky road to extended simulation frameworks covering uncertainty, inversion, optimization and control",2017
283,"Ebacher, G|Besner, MC|Clement, B|Prevost, M",WATER RESEARCH, Elsevier Ltd. All rights reserved.,Sensitivity analysis of some critical factors affecting simulated intrusion volumes during a low pressure transient event in a full-scale water distribution system,2012
284,"Hematiyan, MR|Khosravifard, A|Mohammadi, M",INTERNATIONAL JOURNAL OF COMPUTATIONAL METHODS,,A GENERAL TECHNIQUE FOR COUPLING TWO ARBITRARY METHODS IN STRESS ANALYSIS,2012
285,"O'Toole, G|Jones, L|Coutinho, C|Hayes, C|Napoles, M|Achilli, A",DESALINATION, (C) 2016 Elsevier B.V. All rights reserved.,River-to-sea pressure retarded osmosis: Resource utilization in a full-scale facility,2016
286,"Smith, S|Baxter, R|Menges, J|Hromadka, TV|Horton, S",ENGINEERING ANALYSIS WITH BOUNDARY ELEMENTS, Elsevier Ltd. All rights reserved.,Real time boundary element node location optimization,2012
287,"Hilmann, J|Paas, M|Haenschke, A|Vietor, T",ADVANCES IN ENGINEERING SOFTWARE, Elsevier Ltd. and Civil-Comp Ltd. All rights reserved.,Automatic concept model generation for optimisation and robust design of passenger cars,2007
288,"van Delden, H|Seppelt, R|White, R|Jakeman, AJ",ENVIRONMENTAL MODELLING & SOFTWARE, Elsevier Ltd. All rights reserved.,A methodology for the design and development of integrated models for policy support,2011
289,"Rodman, AD|Gerogiorgis, DI",COMPUTERS & CHEMICAL ENGINEERING, Elsevier Ltd. All rights reserved.,Dynamic optimization of beer fermentation: Sensitivity analysis of attainable performance vs. product flavour constraints,2017
290,"Hilding, D|Torstenfelt, B|Klarbring, A",COMPUTER METHODS IN APPLIED MECHANICS AND ENGINEERING, (C) 2001 Elsevier Science B.V. All rights reserved.,A computational methodology for shape optimization of structures in frictionless contact,2001
291,"Kegl, M",ENGINEERING COMPUTATIONS,,Parameterization based shape optimization: theory and practical implementation aspects,2005
292,"Chen, KP|Blong, R|Jacobson, C",ENVIRONMENTAL MODELLING & SOFTWARE," (C) 2001 Elsevier Science Ltd, All rights reserved.",MCE-RISK: integrating multicriteria evaluation and CIS for risk decision-making in natural hazards,2001
293,"Karpf, C|Krebs, P",URBAN WATER JOURNAL,,Modelling of groundwater infiltration into sewer systems,2013
294,"Tang, YT|Marshall, L|Sharma, A|Smith, T",JOURNAL OF HYDROLOGY, (C) 2016 Elsevier B.V. All rights reserved.,Tools for investigating the prior distribution in Bayesian hydrology,2016
295,"Peckham, SD|Kelbert, A|Hill, MC|Hutton, EWH",COMPUTERS & GEOSCIENCES, Elsevier Ltd. All rights reserved.,Towards uncertainty quantification and parameter estimation for Earth system models in a component-based modeling framework,2016
296,"Alvarez, M|Puertas, J|Pena, E|Bermudez, M",WATER,,"Two-Dimensional Dam-Break Flood Analysis in Data-Scarce Regions: The Case Study of Chipembe Dam, Mozambique",2017
297,"Cheng, GD|Xu, L",STRUCTURAL AND MULTIDISCIPLINARY OPTIMIZATION,,Two-scale topology design optimization of stiffened or porous plate subject to out-of-plane buckling constraint,2016
298,"Kumar, S|Mishra, A|Raghuwanshi, NS",JOURNAL OF HYDROLOGIC ENGINEERING,,Identification of Critical Erosion Watersheds for Control Management in Data Scarce Condition Using the SWAT Model,2015
299,"Galatioto, F|Zito, P",ENVIRONMENTAL MODELING & ASSESSMENT,,Traffic Parameters Estimation to Predict Road Side Pollutant Concentrations using Neural Networks,2009
300,"Mohamoud, YM|Prieto, LM",JOURNAL OF HYDROLOGIC ENGINEERING, (C) 2012 American Society of Civil Engineers.,Effect of Temporal and Spatial Rainfall Resolution on HSPF Predictive Performance and Parameter Estimation,2012
301,"Guerrero, JL|Pernica, P|Wheater, H|Mackay, M|Spence, C",HYDROLOGY AND EARTH SYSTEM SCIENCES,,Parameter sensitivity analysis of a 1-D cold region lake model for land-surface schemes,2017
302,"Petrovic, AM|Kovacevic-Majkic, J|Milosevic, MV",NATURAL HAZARDS,,"Application of run-off model as a contribution to the torrential flood risk management in Topiderska Reka watershed, Serbia",2016
303,"Bhander, GS|Hauschild, MZ|Christensen, TH",ENVIRONMENTAL PROGRESS," (c) 2008 American Institute of Chemical Engineers Environ Prog, 27: 133-142, 2008.",Waste management modeling with PC-based model - EASEWASTE,2008
304,"Bernier, J|Lessard, P|Girard, M",WATER QUALITY RESEARCH JOURNAL OF CANADA,,A simulation of the fate of nitrogen in an on-site wastewater treatment system,2011
305,"Meng, QX|Wang, W",MATHEMATICAL PROBLEMS IN ENGINEERING,,A Novel Closed-Form Solution for Circular Openings in Generalized Hoek-Brown Media,2014
306,"Foy, C|Arabi, M|Yen, H|Gironas, J|Bailey, RT",JOURNAL OF HYDROLOGIC ENGINEERING,,Multisite Assessment of Hydrologic Processes in Snow-Dominated Mountainous River Basins in Colorado Using a Watershed Model,2015
307,"Lu, M|AbouRizk, SM|Hermann, UH",JOURNAL OF COMPUTING IN CIVIL ENGINEERING,,Estimating labor productivity using probability inference neural network,2000
308,"Kalampalikas, NG|Pilavachi, PA",ENERGY POLICY, Elsevier Ltd. All rights reserved.,"A model for the development of a power production system in Greece, Part II: Where RES meet EU targets",2010
309,"Mitchell, B",JOURNAL OF HAZARDOUS MATERIALS, (C) 2002 Elsevier Science B.V All rights reserved.,Use of the most likely failure point method for risk estimation and risk uncertainty analysis,2002
310,"Aminfar, A|Mojtahedi, A|Ahmadi, H|Aminfar, MH",CHINA OCEAN ENGINEERING,,Investigation on the effect of geometrical and geotechnical parameters on elongated offshore piles using fuzzy inference systems,2017
311,"Olivieri, AC|Wu, HL|Yu, RQ",CHEMOMETRICS AND INTELLIGENT LABORATORY SYSTEMS, (c) 2009 Elsevier B.V. All rights reserved.,MVC2: A MATLAB graphical interface toolbox for second-order multivariate calibration,2009
312,"Raes, D|Geerts, S|Kipkorir, E|Wellens, J|Sahli, A",AGRICULTURAL WATER MANAGEMENT, (c) 2005 Elsevier B.V. All rights reserved.,Simulation of yield decline as a result of water stress with a robust soil water balance model,2006
313,"Kabai, E|Zagyvai, P|Lang-Lazi, M|Oncsik, MB",SCIENCE OF THE TOTAL ENVIRONMENT, (C) 2004 Elsevier B.V. All rights reserved.,Radionuclide migration modeling through the soil-plant system as adapted for Hungarian environment,2004
314,"Yeh, HD|Chen, YJ",JOURNAL OF HYDROLOGY, (C) 2007 Elsevier B.V. All rights reserved.,Determination of skin and aquifer parameters for a slug test with wellbore-skin effect,2007
315,"Cannavo, F",COMPUTERS & GEOSCIENCES, Elsevier Ltd. All rights reserved.,Sensitivity analysis for volcanic source modeling quality assessment and model selection,2012
316,"Li, N|McLaughlin, D|Kinzelbach, W|Li, WP|Dong, XG",JOURNAL OF HYDROLOGY, (C) 2015 Elsevier B.V. All rights reserved.,Using an ensemble smoother to evaluate parameter uncertainty of an integrated hydrological model of Yanqi basin,2015
317,"Matott, LS|Babendreier, JE|Purucker, ST",WATER RESOURCES RESEARCH,,Evaluating uncertainty in integrated environmental models: A review of concepts and tools,2009
318,"Puurunen, A|Majava, J|Kess, P",INDUSTRIAL MANAGEMENT & DATA SYSTEMS,,Exploring incomplete information in maintenance materials inventory optimization,2014
319,"Min, Y|Gong, W|Jin, XG|Chang, J|Gu, BJ|Han, Z|Ge, Y",ENVIRONMENTAL MODELLING & SOFTWARE, Elsevier Ltd. All rights reserved.,"NCNA: Integrated platform for constructing, visualizing, analyzing and sharing human-mediated nitrogen biogeochemical networks",2011
320,"Scott, MH|Haukaas, T",JOURNAL OF COMPUTING IN CIVIL ENGINEERING,,Software framework for parameter updating and finite-element response sensitivity analysis,2008
321,"Drastig, K|Prochnow, A|Libra, J|Koch, H|Rolinski, S",SCIENCE OF THE TOTAL ENVIRONMENT, (C) 2016 Elsevier BM. All rights reserved.,Irrigation water demand of selected agricultural crops in Germany between 1902 and 2010,2016
322,"Hambali, A|Sapuan, SM|Rahim, AS|Ismail, N|Nukman, Y",CONCURRENT ENGINEERING-RESEARCH AND APPLICATIONS,,Concurrent Decisions on Design Concept and Material Using Analytical Hierarchy Process at the Conceptual Design Stage,2011
323,"Braddock, RD|Schreider, SY",ENVIRONMENTAL MODELING & ASSESSMENT,,Application of the Morris algorithm for sensitivity analysis of the REALM model for the Goulburn irrigation system,2006
324,"Roos, M|Martins, TG|Held, L|Rue, H",BAYESIAN ANALYSIS,,Sensitivity Analysis for Bayesian Hierarchical Models,2015
325,"Tang, Y|Reed, P|Wagener, T|van Werkhoven, K",HYDROLOGY AND EARTH SYSTEM SCIENCES,,Comparing sensitivity analysis methods to advance lumped watershed model identification and evaluation,2007
326,"Hirsch, RM|Archfield, SA|De Cicco, LA",ENVIRONMENTAL MODELLING & SOFTWARE, Published by Elsevier Ltd.,A bootstrap method for estimating uncertainty of water quality trends,2015
327,"Weirs, VG|Fabian, N|Potter, K|McNamara, L|Otahal, T",INTERNATIONAL JOURNAL FOR UNCERTAINTY QUANTIFICATION,,UNCERTAINTY IN THE DEVELOPMENT AND USE OF EQUATION OF STATE MODELS,2013
328,"Rortais, A|Arnold, G|Dorne, JL|More, SJ|Sperandio, G|Streissl, F|Szentes, C|Verdonck, F",SCIENCE OF THE TOTAL ENVIRONMENT, Published by Elsevier B.V.,"Risk assessment of pesticides and other stressors in bees: Principles, data gaps and perspectives from the European Food Safety Authority",2017
329,"Bertrand-Krajewski, JL",WATER SCIENCE AND TECHNOLOGY,,Stormwater pollutant loads modelling: epistemological aspects and case studies on the influence of field data sets on calibration and verification,2007
330,"Moilanen, A|Wintle, BA",CONSERVATION BIOLOGY,,The boundary-quality penalty: a quantitative method for approximating species responses to fragmentation in reserve selection,2007
331,"Khiari, B|Mabrouk, SB",DESALINATION,,Technical and economic survey of low enthalpy solar installations for heating sanitary water,2004
332,"Torkmahalleh, MA|Magazova, G|Magazova, A|Rad, SJH",PROCESS SAFETY AND ENVIRONMENTAL PROTECTION, Published by Elsevier B.V. All rights reserved.,Simulation of environmental impact of an existing natural gas dehydration plant using a combination of thermodynamic models,2016
333,"Zheng, HT|Liu, Q",MATHEMATICAL PROBLEMS IN ENGINEERING,,Kinetic Study of Nonequilibrium Plasma-Assisted Methane Steam Reforming,2014
334,"Aguilera, PG|Ortiz, FJG",CHEMICAL ENGINEERING JOURNAL, (C) 2015 Elsevier B.V. All rights reserved.,Prediction of fixed-bed breakthrough curves for H2S adsorption from biogas: Importance of axial dispersion for design,2016
335,"Eigel, M|Gittelson, CJ|Schwab, C|Zander, E",COMPUTER METHODS IN APPLIED MECHANICS AND ENGINEERING, (C) 2013 Elsevier B.V. All rights reserved.,Adaptive stochastic Galerkin FEM,2014
336,"Joseph, T|Baah, K|Jahanfar, A|Dubey, B",SCIENCE OF THE TOTAL ENVIRONMENT, (C) 2015 Elsevier B.V. All rights reserved.,A comparative life cycle assessment of conventional hand dryer and roll paper towel as hand drying methods,2015
337,"Shin, MJ|Guillaume, JHA|Croke, BFW|Jakeman, AJ",JOURNAL OF HYDROLOGY, (C) 2013 Elsevier B.V. All rights reserved.,Addressing ten questions about conceptual rainfall-runoff models with global sensitivity analyses in R,2013
338,"Camps-Valls, G|Soria-Olivas, E|Perez-Ruixo, JJ|Perez-Cruz, F|Artes-Rodriguez, A|Jimenez-Torres, NV",IEEE TRANSACTIONS ON SYSTEMS MAN AND CYBERNETICS PART C-APPLICATIONS AND REVIEWS,,Therapeutic drug monitoring of kidney transplant recipients using profiled support vector machines,2007
339,"Dan, DH|Yang, T|Gong, JX",MATHEMATICAL PROBLEMS IN ENGINEERING,,Intelligent Platform for Model Updating in a Structural Health Monitoring System,2014
340,"Harmel, RD|Smith, DR|King, KW|Slade, RM",ENVIRONMENTAL MODELLING & SOFTWARE, Published by Elsevier Ltd.,Estimating storm discharge and water quality data uncertainty: A software tool for monitoring and modeling applications,2009
341,"Yoon, GH|Kim, YY",INTERNATIONAL JOURNAL FOR NUMERICAL METHODS IN ENGINEERING," Copyright (c) 2006 John Wiley & Sons, Ltd.",Topology optimization of material-nonlinear continuum structures by the element connectivity parameterization,2007
342,"Alahmad, M",DESALINATION, (C) 2010 Elsevier B.V. All rights reserved.,Prediction of performance of sea water reverse osmosis units,2010
343,"Kugu, E|Li, J|McKenzie, FD|Sahingoz, OK",SIMULATION-TRANSACTIONS OF THE SOCIETY FOR MODELING AND SIMULATION INTERNATIONAL,,Fuzzy logic approach and sensitivity analysis for agent-based crowd injury modeling,2014
344,"Carnevale, C|Finzi, G|Pisoni, E|Volta, M|Guariso, G|Gianfreda, R|Maffeis, G|Thunis, P|White, L|Triacchini, G",ENVIRONMENTAL MODELLING & SOFTWARE, Elsevier Ltd. All rights reserved.,An integrated assessment tool to define effective air quality policies at regional scale,2012
345,"Bartzas, G|Komnitsas, K",SCIENCE OF THE TOTAL ENVIRONMENT, (C) 2017 Elsevier B.V. All rights reserved.,Life cycle analysis of pistachio production in Greece,2017
346,"Verdu, F|Villacampa, Y",ADVANCES IN ENGINEERING SOFTWARE, (c) 2007 Published by Elsevier Ltd.,A computational algorithm for the multiple generation of nonlinear mathematical models and stability study,2008
347,"Elizondo, D|Cappelaere, B|Faure, C",COMPUTERS & GEOSCIENCES, (C) 2002 Published by Elsevier Science Ltd.,Automatic versus manual model differentiation to compute sensitivities and solve non-linear inverse problems,2002
348,"Khalifa, MA|El Ganainy, MA|Nasr, RI",JOURNAL OF COASTAL RESEARCH,,Probabilistic Assessment Study of Channels Downstream Slopes Erosion in the Maritime Environment,2009
349,"Marsili-Libelli, S|D'Ardes, V|Bondi, C",WATER SCIENCE AND TECHNOLOGY,,Development of a open-vessel single-stage respirometer,2008
350,"Mondal, NC|Singh, VP",ENVIRONMENTAL MONITORING AND ASSESSMENT,,Chloride migration in groundwater for a tannery belt in Southern India,2012
351,"He, X|Sonnenborg, TO|Jorgensen, F|Hoyer, AS|Moller, RR|Jensen, KH",HYDROLOGY AND EARTH SYSTEM SCIENCES,,Analyzing the effects of geological and parameter uncertainty on prediction of groundwater head and travel time,2013
352,"Bigoni, D|Engsig-Karup, AP|Eskilsson, C",JOURNAL OF ENGINEERING MATHEMATICS,,Efficient uncertainty quantification of a fully nonlinear and dispersive water wave model with random inputs,2016
353,"McIntyre, NR|Wheater, HS",ENVIRONMENTAL MODELLING & SOFTWARE, Elsevier Ltd. All rights reserved.,A tool for risk-based management of surface water quality,2004
354,"Serban, R|Petzold, LR",MATHEMATICS AND COMPUTERS IN SIMULATION, Published by Elsevier Science B.V. All rights reserved.,COOPT - a software package for optimal control of large-scale differential-algebraic equation systems,2001
355,"Dener, A|Hicken, JE",STRUCTURAL AND MULTIDISCIPLINARY OPTIMIZATION,,Matrix-free algorithm for the optimization of multidisciplinary systems,2017
356,"Probst, M|Berenzen, N|Lentzen-Godding, A|Schulz, R",ECOTOXICOLOGY AND ENVIRONMENTAL SAFETY, (C) 2005 Elsevier Inc. All rights reserved.,Scenario-based simulation of runoff-related pesticide entries into small streams on a landscape level,2005
357,"Szemesova, J|Gera, M",CLIMATIC CHANGE,,Uncertainty analysis for estimation of landfill emissions and data sensitivity for the input variation,2010
358,"Park, J|Choi, M",STOCHASTIC ENVIRONMENTAL RESEARCH AND RISK ASSESSMENT,,Estimation of evapotranspiration from ground-based meteorological data and global land data assimilation system (GLDAS),2015
359,"Skahill, BE|Baggett, JS|Frankenstein, S|Downer, CW",ENVIRONMENTAL MODELLING & SOFTWARE, Published by Elsevier Ltd.,More efficient PEST compatible model independent model calibration,2009
360,"Yang, F|Bai, BJ|Dunn-Norman, S",ENVIRONMENTAL EARTH SCIENCES,,Modeling the effects of completion techniques and formation heterogeneity on CO2 sequestration in shallow and deep saline aquifers,2011
361,"Li, HB|Crittenden, JC|Mihelcic, JR|Hautakangas, H",WATER ENVIRONMENT RESEARCH,,Optimization of biofiltration for odor control: Model development and parameter sensitivity,2002
362,"Kandilioti, G|Makropoulos, C",NATURAL HAZARDS,,Preliminary flood risk assessment: the case of Athens,2012
363,"Reichert, P|Uehlinger, U|Acuna, V",JOURNAL OF GEOPHYSICAL RESEARCH-BIOGEOSCIENCES,,Estimating stream metabolism from oxygen concentrations: Effect of spatial heterogeneity,2009
364,"Sharafi, SM|Moilanen, A|White, M|Burgman, M",JOURNAL OF ENVIRONMENTAL MANAGEMENT, Elsevier Ltd. All rights reserved.,"Integrating environmental gap analysis with spatial conservation prioritization: A case study from Victoria, Australia",2012
365,"Miele, A|Blanchin, N|Raynaud, P|Quesne, B|Giraud, JM|Fottorino, R|Berard, P|Ansoborlo, E|Franck, D|Blanchardon, E|Vathaire, CCD|Lebaron-Jacobs, L|Poncy, JL|Piechowski, J|Fritsch, P",RADIATION PROTECTION DOSIMETRY,,"MEDOR, a didactic tool to support interpretation of bioassay data after internal contamination by actinides",2007
366,"Li, F|Yi, ZL",MATHEMATICAL PROBLEMS IN ENGINEERING,,A New Software Reliability Growth Model: Multigeneration Faults and a Power-Law Testing-Effort Function,2016
367,"Mussadiq, Z|Laszlo, B|Helyes, L|Gyuricza, C",COMPUTERS AND ELECTRONICS IN AGRICULTURE, (C) 2015 Elsevier B.V. All rights reserved.,Evaluation and comparison of open source program solutions for automatic seed counting on digital images,2015
368,"Kaya, H|Kaplan, M|Saygin, H",COMPUTER PHYSICS COMMUNICATIONS, (C) 2004 Elsevier B.V. All rights reserved.,A recursive algorithm for finding HDMR terms for sensitivity analysis,2004
369,"Tang, PS|Chang, KH",STRUCTURAL AND MULTIDISCIPLINARY OPTIMIZATION,,Integration of topology and shape optimization for design of structural components,2001
370,"Mikusinski, G|Pressey, RL|Edenius, L|Kujala, H|Moilanen, A|Niemela, J|Ranius, T",CONSERVATION BIOLOGY,,Conservation planning in forest landscapes of Fennoscandia and an approach to the challenge of Countdown 2010,2007
371,"Yang, NAH|Yu, HQ|Qian, ZL|Sun, H",MATHEMATICAL AND COMPUTER MODELLING, Elsevier Ltd. All rights reserved.,Modeling and quantitatively predicting software security based on stochastic Petri nets,2012
372,"Jha, PC|Gupta, D|Yang, B|Kapur, PK",COMPUTERS & INDUSTRIAL ENGINEERING, Elsevier Ltd. All rights reserved.,"Optimal testing resource allocation during module testing considering cost, testing effort and reliability",2009
373,"Lecca, G|Cau, P",PHYSICS AND CHEMISTRY OF THE EARTH, Elsevier Ltd. All rights reserved.,Using a Monte Carlo approach to evaluate seawater intrusion in the Oristano coastal aquifer: A case study from the AQUAGRID collaborative computing platform,2009
374,"Manz, H|Loutzenhiser, P|Frank, T|Strachan, PA|Bundi, R|Maxwell, G",BUILDING AND ENVIRONMENT, Elsevier Ltd. All rights reserved.,"Series of experiments for empirical validation of solar gain modeling in building energy simulation codes - Experimental setup, test cell characterization, specifications and uncertainty analysis",2006
375,"Little, JP|Adam, CJ",COMPUTER METHODS IN BIOMECHANICS AND BIOMEDICAL ENGINEERING,,Geometric sensitivity of patient-specific finite element models of the spine to variability in user-selected anatomical landmarks,2015
376,"Arasto, A|Tsupari, E|Karki, J|Lilja, J|Sihvonen, M",INTERNATIONAL JOURNAL OF GREENHOUSE GAS CONTROL, Elsevier Ltd. All rights reserved.,Oxygen blast furnace with CO2 capture and storage at an integrated steel mill-Part I: Technical concept analysis,2014
377,"Petzold, L|Li, ST|Cao, Y|Serban, R",COMPUTERS & CHEMICAL ENGINEERING, Elsevier Ltd. All rights reserved.,Sensitivity analysis of differential-algebraic equations and partial differential equations,2006
378,"Landuyt, D|Broekx, S|D'hondt, R|Engelen, G|Aertsens, J|Goethals, PLM",ENVIRONMENTAL MODELLING & SOFTWARE, Elsevier Ltd. All rights reserved.,A review of Bayesian belief networks in ecosystem service modelling,2013
379,"Mathieu, G|Dymitrowska, M|Bourgeois, M",PHYSICS AND CHEMISTRY OF THE EARTH, Elsevier Ltd. All rights reserved.,Modeling of radionuclide transport through repository components using finite volume finite element and multidomain methods,2008
380,"Rabie, HS|Saunders, IW",JOURNAL OF COMPUTATIONAL BIOLOGY,,A Simulation Study to Assess a Variable Selection Method for Selecting Single Nucleotide Polymorphisms Associated with Disease,2012
381,"Ashrafi, K|Orkomi, AA|Motlagh, MS",ATMOSPHERIC POLLUTION RESEARCH, (C) 2017 Turkish National Committee for Air Pollution Research and Control. Production and hosting by Elsevier B.V. All rights reserved.,Direct effect of atmospheric turbulence on plume rise in a neutral atmosphere,2017
382,"Chen, GM|Schott, DL|Lodewijks, G",ENGINEERING COMPUTATIONS,,Sensitivity analysis of DEM prediction for sliding wear by single iron ore particle,2017
383,"Cryer, SA|Applequist, GE",ENVIRONMENTAL ENGINEERING SCIENCE,,Direct treatment of uncertainty: I - Applications in aquatic invertebrate risk assessment and soil metabolism for chlorpyrifos,2003
384,"Zhang, YN|Hu, GP|Brown, RC",ENVIRONMENTAL RESEARCH LETTERS,,Life cycle assessment of the production of hydrogen and transportation fuels from corn stover via fast pyrolysis,2013
385,"Bahrami, S|Ardejani, FD",ENVIRONMENTAL EARTH SCIENCES,,ODM: an analytical solution-based tool for reacting oxygen diffusion modelling in mine spoils,2017
386,"Larour, E|Schlegel, N",COMPUTERS & GEOSCIENCES, Elsevier Ltd. All rights reserved.,On ISSM and leveraging the Cloud towards faster quantification of the uncertainty in ice-sheet mass balance projections,2016
387,"Otte, D|Lorenz, HM|Repke, JU",COMPUTERS & CHEMICAL ENGINEERING, Elsevier Ltd. All rights reserved.,A toolbox using the stochastic optimization algorithm MIPT and ChemCAD for the systematic process retrofit of complex chemical processes,2016
388,"Hadjidoukas, PE|Angelikopoulos, P|Papadimitriou, C|Koumoutsakos, P",JOURNAL OF COMPUTATIONAL PHYSICS, (C) 2014 Elsevier Inc. All rights reserved.,Pi 4U: A high performance computing framework for Bayesian uncertainty quantification of complex models,2015
389,"Song, YP|Li, Y|Nikolova, NK|Bakr, MH",INTERNATIONAL JOURNAL OF NUMERICAL MODELLING-ELECTRONIC NETWORKS DEVICES AND FIELDS," Copyright (c) 2007 John Wiley & Sons, Ltd.",Self-adjoint sensitivity analysis of lossy dielectric structures with electromagnetic time-domain simulators,2008
390,"Yang, W|Yang, ZF",WATER RESOURCES MANAGEMENT,,"Development of a Long-term, Ecologically Oriented Dam Release Plan for the Lake Baiyangdian Sub-basin, Northern China",2013
391,"Gu, YX|Zhao, GZ|Zhang, HW|Kang, Z|Grandhi, RV",STRUCTURAL AND MULTIDISCIPLINARY OPTIMIZATION,,Buckling design optimization of complex built-up structures with shape and size variables,2000
392,"Saleeb, AF|Marks, JR|Wilt, TE|Arnold, SM",ADVANCES IN ENGINEERING SOFTWARE, Elsevier Ltd. All rights reserved.,Interactive software for material parameter characterization of advanced engineering constitutive models,2004
393,"Shezan, SKA|Saidur, R|Ullah, KR|Hossain, A|Chong, WT|Julai, S",CLEAN TECHNOLOGIES AND ENVIRONMENTAL POLICY,,Feasibility analysis of a hybrid off-grid wind-DG-battery energy system for the eco-tourism remote areas,2015
394,"Dotto, CBS|Deletic, A|McCarthy, DT",WATER SCIENCE AND TECHNOLOGY,,Uncertainty analysis in urban drainage modelling: should we break our back for normally distributed residuals?,2013
395,"AghaKouchak, A|Nakhjiri, N|Habib, E",HYDROLOGY AND EARTH SYSTEM SCIENCES,,An educational model for ensemble streamflow simulation and uncertainty analysis,2013
396,"Fragoso, CR|van Nes, EH|Janse, JH|Marques, DD",ENVIRONMENTAL MODELLING & SOFTWARE, Elsevier Ltd. All rights reserved.,IPH-TRIM3D-PCLake: A three-dimensional complex dynamic model for subtropical aquatic ecosystems,2009
397,"Nicoulaud-Gouin, V|Garcia-Sanchez, L|Giacalone, M|Attard, JC|Martin-Garin, A|Bois, FY",JOURNAL OF ENVIRONMENTAL RADIOACTIVITY, Elsevier Ltd. All rights reserved.,Identifiability of sorption parameters in stirred flow-through reactor experiments and their identification with a Bayesian approach,2016
398,"Ziehn, T|Tomlin, AS",ENVIRONMENTAL MODELLING & SOFTWARE, Elsevier Ltd. All rights reserved.,GUI-HDMR - A software tool for global sensitivity analysis of complex models,2009
